rok	pořadí	jméno	žokej	překážka	zranění	smrt
2014	2	AL JAZ	ž. Josef Sovka			
2014	13	CARDAM	ž. Jaroslav Brečka			
2014	8	GAUNER DANON	Jan Kratochvíl			
2014	5	KASIM	ž. Marcel Novák			
2014	3	KLAUS	ž. Jaroslav Myška			
2014	17	LAMBRO	ž. Mark Grant			
2014	14	MOULA	Petr Tůma			
2014	1	ORPHEE DES BLINS	ž. Jan Faltejsek			
2014	10	PARETO	ž. Thomas Boyer			
2014	15	RUBÍN	Martina Růžičková			
2014	9	SHERARDO	Michal Kubík			
2014	12	SISI MERBLE	Jakub Kocman			
2014	11	SOROS	ž. Josef Váňa ml.			
2014	16	TIUMEN	ž. Josef Váňa st.			
2014	7	TREZOR	Ondřej Velek			
2014	4	UNIVERSE OF GRACIE	ž. Jiří Kousek			
2014	6	ZARIF	ž. Marek Stromský			
2014	PN	AMARAGON	Martin Liška	4		
2014	ZN	NIKAS	ž. Dušan Andrés	4		
2014	PN	ZULEJKA	ž. Josef Bartoš	4		1
2014	ZN	PEINTRE ABSTRAIT	ž. Lukáš Matuský	5		
2014	ZN	TER MILL	ž. Michal Köhl	25		
2013	4	KASIM 	ž. Marcel Novák			
2013	3	KLAUS 	ž. Jaroslav Myška			
2013	2	NIKAS 	ž. Dušan Andrés			
2013	1	ORPHEE DES BLINS	ž. Jan Faltejsek			
2013	5	PEINTRE ABSTRAIT	Lukáš Matuský			
2013	PN	MOUNT SION	ž. Richard McLernon	3		
2013	6	TROPIC DE BRION	Marc-Antoine Dragon			
2013	ZN	AL JAZ	ž. Michal Köhl	5		
2013	ZN	BUDAPEST 	ž. Josef Váňa 3	6		
2013	ZN	CANTRIDARA 	am. Freddie Mitchell	6		
2013	ZN	SPERANZA 	ž. Thomas Boyer	6		
2013	PN	FRENEYS WELL	Martin James Ferris	7		
2013	ZN	TOMIS 	Ondřej Velek	7		
2013	ZN	SHALIMAR FROMENTRO	ž. Alain De Chitray	10		
2013	Z	SEŠLOST 	ž. Liam Treadwell	12		
2013	ZN	ZEST FOR LIFE	am. Sam Waley-Cohen	15		
2013	ZN	STATUS QUO	ž. Pavel Kašný	19		
2013	Z	BODYGUARD 	ž. Jaroslav Brečka	25		
2013	PN	TREZOR 	ž. Josef Bartoš 2	27		
2013	ZN	TIUMEN 	ž. Josef Váňa 2	30		
2012	12	ASPIRANT 	Velek Ondřej			
2012	10	BELMONT 	Váňa Josef, ml.			
2012	11	CABERNET 	Benš Rostislav			
2012	7	DOCTOR 	McLernon Richard			
2012	14	GRILIAS 	Hamblin Paul Francis			
2012	ZN	BREMEN PLAN	Korpas Jan	4		
2012	13	KARLSBAD 	Boyer Thomas			
2012	9	KLAUS 	Myška Jaroslav			
2012	15	LE 	Brečka Jaroslav			
2012	4	MALJIMAR 	Reveley James			
2012	1	ORPHEE 	Faltejsek Jan			
2012	2	RONINO 	Kousek Jiří			
2012	3	TIUMEN 	Váňa Josef			
2012	8	TREZOR 	Treadwell Liam			
2012	6	UNCLE 	Mullins Emmet			
2012	5	VALLDEMOSO 	Andrés Dušan			
2012	Z	ARGENTAN 	Stromský Marek	12		
2012	ZN	NIKAS	Petr Tůma	12		
2012	Z	MANDARINO 	Kašný Pavel	16		
2012	Z	WYONA	Michal Kubík	23		
2012	Z	SIXTEEN	Josef Bartoš	25		
2012	Z	TOMIS	Bohuslav Mátl	20+21		
2012	ZN	IMBIR 	Lovén Niklas	8+9		
2011	PN	ZULEJKA 	Šimůnek Libor	2		
2011	PN	KARLSBAD	ž. Novák Marcel	4		
2011	8	AMANT GRIS	ž. Stromský Marek			
2011	7	ASPIRANT	ž. Lemée Julien			
2011	6	BREMEN PLAN	ž. Korpas Ja			
2011	4	FLAMBION	Sovka Josef			
2011	5	MANDARINO; 	ž. Kašný Pavel			
2011	2	SIXTEEN	ž. Bartoš Josef, ml.			
2011	1	TIUMEN	ž. Váňa Josef, st.			
2011	3	VALLDEMOSO; 	ž. Andrés Dušan			
2011	9	WAVELIGHT LASER	ž. Kousek Jiří			
2011	ZN	KLAUS	ž. Myška Jaroslav	18		
2011	PN	TREZOR	ž. Mátl Bohuslav	27		
2011	Z	LIRAIN 	ž. Váňa Josef, ml.	29		
2010	PN	LIGRETA 	Baluchová Lucie	2		
2010	ZN	VALLDEMOSO 	Andrés Dušan	4		
2010	2	AMANT GRIS	Stromský Marek			
2010	7	ASPIRANT	Faltejsek Jan			
2010	11	BEJRUT	Kašný Pavel			
2010	10	JUVENTUS	Korpas Jan			
2010	8	KOBUZ	Šimůnek Libor			
2010	9	LAKREG 	Liška Martin			
2010	6	LIRAIN 	Váňa Josef, ml.			
2010	4	MANDARINO 	Myška Jaroslav			
2010	12	MR BIG	Fehily Noel			
2010	3	SIXTEEN	Bartoš Josef, ml.			
2010	5	TEVIOT 	Urbánek Luboš			
2010	1	TIUMEN	Váňa Josef, st.			
2010	ZN	RUBÍN 	Růžičková Martina	6		
2010	ZN	BREMEN PLAN	Kousek Jiří	7		
2010	Z	JUNG	Mátl Bohuslav	16		
2010	ZN	TERESINA	Novák Marcel	30		
2010	Z	IL EN REVE	Složil Pavel	20+21		
2009	PN	HIRSCH 	Andrés Dušan	4		
2009	14	DERBY SHARP	Sovka Josef			
2009	18	IL EN REVE	Wheelan Kenneth			
2009	8	JUFUL TENNIS	de Oliveira Fernand			
2009	6	JUNG	Mátl Bohuslav			
2009	9	LAKREG; 	Liška Martin			
2009	4	MANDARINO 	Myška Jaroslav			
2009	12	MARATH; 	Hamblin Paul Francis			
2009	16	MR BIG	Fehily Noel			
2009	13	MR LAND	Složil Pavel			
2009	3	NUMERO DUE	Kousek Jiří			
2009	5	POCCI	Korpas Jan			
2009	10	PROFIL; 	Köhl Michal			
2009	15	RED DANCER	Romano Raffaele			
2009	17	ROOSEVELT	Boyer Thomas			
2009	2	SIXTEEN	Bartoš Josef, ml.			
2009	7	SUPER LORD	Faltejsek Jan			
2009	1	TIUMEN	Váňa Josef, st.			
2009	11	TOMIS; 	Kašný Pavel			
2009	ZN	LUCKY NELLERIE	Mercer Keith	6		
2009	ZN	LUCKY LUK	Maguire Jason	15		
2009	Z	SHIRLEY	Stromský Marek	18		1
2009	ZN	LIRAIN 	Hrudka Jaromír	27		
2009	Z	DEL SOLE	Váňa Josef, ml.	28		
2009	ZN	MONTGOMERY 	Tůma Petr	29		
2008	ZN	JUNG	Mátl Bohuslav	-1		
2008	D1	AMANT GRIS	Stromský Marek			
2008	5	DECENT FELLOW	Váňa Josef, ml.			
2008	2	HIRSCH; 	Kousek Jiří			
2008	D6	IVOIRE DE BEAULIEU	Mercer Keith			
2008	3	JUVENTUS	Váňa Josef, st.			
2008	6	MR LAND	Sedlář Libor			
2008	4	NUMERO DUE	Urbánek Luboš			
2008	1	SIXTEEN	Bartoš Josef, ml.			
2008	ZN	MARATH 	Sovka Josef	17		
2008	ZN	PROFIL 	Rája Jan	17		
2008	ZN	ICARE DU RENOM	Liška Martin	18		
2008	Z	NADOVER	Fehily Noel	25		
2008	Z	FATAL MAC	Romano Raffaele	27		
2008	PN	KLIP 	Faltejsek Jan	10a		1
2008	Z	KASJER	Myška Jaroslav	20+21		
2007	PN	CIESZYMIR	Stromský Marek	4		1
2007	PN	MASKUL	Myška Jaroslav	4		
2007	6	ASCOT	Novák Marcel			
2007	2	DECENT FELLOW	Hurt Tomáš			
2007	3	ELIŠKA PŘEMYSLOVNA;	Kašný Pavel			
2007	7	HARRY THE BEAVER	Horčička Pavel			
2007	4	IVOIRE DE BEAULIEU	Mercer Keith			
2007	5	JUVENTUS	Váňa Josef, ml.			
2007	1	SIXTEEN	Andrés Dušan			
2007	8	SYBELLIUS D´ARTAIX	Whelan Kenneth			
2007	9	ZEEROW; 	Hrudka Jaromír			
2007	Z	BRAMBUSCH	Havelka Radek	15		
2007	ZN	THREE MILL	Faltejsek Jan	18		
2007	Z	POLÁRNÍK 	Složil Pavel	29		
2006	ZN	ELIŠKA PŘEMYSLOVNA	Mátl Bohuslav	4		
2006	PN	GLOGLOGLO 	Luka Václav	4		
2006	PN	CHAILAND 	Růžičková Martina	4		
2006	PN	IRAKLION	Kameníček Jiří	4		
2006	6	BRAMBUSCH	Köhl Michal			
2006	3	CIESZYMIR	Havelka Radek			
2006	1	DECENT FELLOW	Bartoš Josef, ml.			
2006	7	HARRY THE BEAVER	Horčička Pavel			
2006	4	ICARE DU RENOM	Liška Martin			
2006	2	JUVENTUS	Váňa Josef			
2006	5	KLIP; 	Myška Jaroslav			
2006	8	POLÁRNÍK; 	Složil Pavel			
2006	PN	VAJGARA 	Andrés Dušan	6		
2006	ZN	HASTAVEN	Faltejsek Jan	10		
2006	ZN	JUNIUSZ	Johnson John Paul	18		
2006	ZN	NER	Hurt Tomáš	24		
2006	PN	MASKUL	Fuhrmann Dirk	10a		
2005	PN	REGISTANA	Crowley James	2		
2005	7	ASCOT	Matysík Zdeněk			
2005	5	BELOVODSK	Plzák Jiří			
2005	2	DECENT FELLOW	Bartoš Josef, ml.			
2005	4	KEDON; 	Váňa Josef			
2005	3	LANERET; 	Tůma Pavel, ml.			
2005	1	MASKUL	Fuhrmann Dirk			
2005	6	RED DANCER	Andrés Dušan			
2005	ZN	HASTAVEN	Hurt Tomáš	5		
2005	ZN	ODYSEUSZ	Stromský Marek	10		
2005	ZN	JACK DE TRAOU LAND	Luka Václav, ml.	11		
2005	ZN	CHAILAND 	Růžičková Martina	18		
2005	ZN	TAKAGI	Maguire Jason	18		
2005	ZN	IRAKLION	Havelka Radek	25		
2005	SN	LUZCADOU	Mercer Keith	25		
2005	Z	NOSTALGIA	Kameníček Jiří	25		
2004	7	BARBARESCO; 	Hurt Tomáš			
2004	3	DECENT FELLOW	Havelka Radek			
2004	6	KYRTON; 	Bartoš Josef, ml.			
2004	5	LANERET; 	Tůma Pavel, ml.			
2004	4	MASKUL	Andrés Dušan			
2004	1	REGISTANA	Gehm Peter			
2004	2	RETRIEVER	Váňa Josef			
2004	ZN	JUNIUSZ	Kašný Pavel	5		
2004	PN	BARGIEL	Stromský Marek	7		
2004	PN	CLAWICK CONNECTION	Whelan Kenneth	7		
2004	PN	JESLADY	Štohanzl Jaromír, ml.	7		
2004	PN	MOSE HARPER	Rája Jan	7		
2004	PN	NARRATOR	Köhl Michal	7		
2004	PN	HARRY IN A HURRY	Fehily Noel	10		
2004	Z	HASTAVEN	Faltejsek Jan	24		
2004	SN	LUZCADOU	Moloney Paul	25		
2004	Z	CHANSON 	Urbánek Luboš	27		
2003	Z	RENAISSANCE DANCER	Nehasil Tomáš	-1		
2003	ZN	RENT 	Brečka Jaroslav	4		
2003	ZN	SORD 	Bartoš Josef, ml.	4		
2003	6	BARGIEL	Stromský Marek			
2003	3	DECENT FELLOW	Váňa Josef			
2003	8	FAHRENHEIT 	Rája Jan			
2003	4	FALCON DU COTEAU	Fehily Noel			
2003	9	CHARM 	Hurt Tomáš			
2003	7	LENTINI	Andrés Dušan			
2003	2	MASKUL	Kameníček Jiří			
2003	10	MODŘENKA 	Urbánek Luboš			
2003	5	NARRATOR	Myška Jaroslav			
2003	1	REGISTANA	Gehm Peter			
2003	ZN	KEDON 	Havelka Radek	6		
2003	ZN	MOSE HARPER	Pateman Steven	10		
2003	PN	KYRTON 	Složil Pavel	27		
2003	Z	BARBARESCO 	Regnard Petr	28		
2003	ZN	SZAFRAN	 Köhl Michal	30		
2003	Z	SALAMINI 	Benš Rostislav	10a		
2002	PN	POLEBOS	Köhl Michal	-1		
2002	Z	BLÍN 	Allers-Hankey Dominik	4		
2002	PN	CZANKA	Míča Pavel	4		
2002	PN	ILION 	Regnard Petr	4		
2002	8	BARBARESCO 	Stromský Marek			
2002	4	CENTAX 	Hurt Tomáš			
2002	2	DECENT FELLOW	Andrés Dušan			
2002	6	CHARM 	Složil Pavel			
2002	3	KEDON 	Váňa Josef			
2002	10	LENTINI	Snitkovskij Vladislav			
2002	1	MASKUL	Gehm Peter			
2002	5	MODŘENKA 	Myška Jaroslav			
2002	9	SORD 	Rája Jan			
2002	7	VARCAS 	Špalek Vlastimil			
2002	SN	TAVERN 	Bartoš ml. Josef	27		
2002	Z	PERUÁN 	Matysík Zdeněk	30		
2002	Z	CHALCO 	Luka ml. Václav	8+9		1
2001	ZN	BARROW 	Plzák Jiří	4		
2001	ZN	NICCOLIN 	Bartusch Jiří	4		
2001	1	CHALCO 	Gehm Peter			
2001	10	LE MANS	Hrudka Jaromír			
2001	7	MASKUL	Havelka Radek			
2001	9	MINI FOR	Szikora Pavel			
2001	2	PERUÁN 	Matysík Zdeněk			
2001	5	SANKT MORITZ	Nehasil Tomáš			
2001	3	SESI 	Kameníček Jiří			
2001	6	ST ROGER	Snitkovskij Vladislav			
2001	8	STORM OF FIRE	Váňa Josef			
2001	4	TORPILLE 	Myška Jaroslav			
2001	ZN	CZANKA	Andrés Dušan	7		
2001	SN	IRISH STAMP	McNamara J.P.	25		
2001	Z	ORGAN	Brečka Jaroslav	25		
2001	Z	TOAST	Línek Jaroslav	25		
2001	PN	ANATOLE	Kousek Jiří	29		1
2001	PN	SUPREME CHARM	Thornton Robert	6, 8+9		
2001	ZN	BELOVODSK	Havlíček Jan	8+9		
2001	SN	DJEDDAH	Doumen Thierry	8+9		
2001	SN	FRILEUX ROYAL	Maguire Jason	8+9		
2000	S	HAGARD 	Hurt Tomáš	2		
2000	2	BELOVODSK	Havlíček Jan			
2000	3	CZANKA	Andrés Dušan			
2000	10	HARD WESTPORT	Línek Jaroslav			
2000	8	LATERIT 	Štencl Libor			
2000	4	MARKETPLACE	Složil Pavel			
2000	6	NICCOLIN 	Stromský Marek			
2000	9	OM	Špalek Vlastimil			
2000	1	PERUÁN 	Matysík Zdeněk			
2000	5	RENT 	Průdek Pavel			
2000	7	TOBLINO	 Kameníček Jiří			
2000	PN	KHELSINK	Kašný Pavel	11		
2000	Z	DIAMANT	Šafář Jaromír	26		
2000	ZN	CELTIC GIANT	Gibson Bruce	8+9		
2000	Z	TOAST	Tůma Roman	8+9, 24		
1999	PN	LIZINK 	Andrés Dušan	4		
1999	4	BARROW 	Špalek Vlastimil			
1999	3	BELOVODSK	Havlíček Jan			
1999	8	DENNISTOWNTHRILLER	Kameníček Jiří			
1999	7	HAPPY STAR	Kašný Pavel			
1999	5	LYRIK 	Složil Pavel			
1999	1	PERUÁN 	Matysík Zdeněk			
1999	2	RISK OF THUNDER	Whelan Kenneth			
1999	9	ST ROGER	Gehm Peter			
1999	6	VRONSKY 	Váňa Josef			
1999	Z	GREBEC	Jasinský František	11		
1999	ZN	EPOLET	Feodosiadij Jurij	25		
1999	PN	IRISH STAMP	Maguire Adrian	25		
1999	PN	CELESTANO	Šafář Jaromír	10a	1	
1999	PN	DEBICZ	Szikora Pavel	10a		
1999	ZN	 AS DE L´ECHASSERIE 	Bocquet André-Louis	8+9		
1998	ZN	ČEST 	Jasinský František	4		
1998	SN	CELESTANO	Šiška Emil	6		
1998	PN	CIPÍSEK 	Váňa Josef	6	1	
1998	PN	DAMION 	Růžičková Martina	6		1
1998	PN	DEBICZ	Kocián Tomáš, ml.	6		
1998	PN	IRISH STAMP	Carberry Paul	6		
1998	PN	LATERAN 	Kameníček Jiří	6		
1998	PN	SUMAK	Peprna Pavel	6		
1998	PN	SUPERIOR FINISH	Walsh Ruby	6		
1998	SN	TATANKA YOTANKA	Whelan Kenneth	6		
1998	PN	VRONSKY 	Kašný Pavel	6		
1998	2	DEVIL 	Tůma Roman			
1998	6	FOKS	 Kousek Jiří			
1998	5	GART	Feodosiadij Jurij			
1998	3	MARKETPLACE	Složil Pavel			
1998	1	PERUÁN 	Matysík Zdeněk			
1998	7	TRES BELLE	Koplík Zdeno			
1998	4	ZILCO 	Šafář Jaromír			
1998	SN	BARROW 	Špalek Vlastimil	8+9		
1998	SN	RISK OF THUNDER	Dunwoody Richard	8+9		
1998	SN	VARIANT 	Průdek Pavel	8+9		
1998	SN	VESPAN 	Papoušek Jan	8+9		
1997	PN	ČEST 	Jasinský František	2		
1997	ZN	BADDELLIOS	Lewis Guy	4		
1997	4	HOLAN 	Lášek Zdeněk; 	4		
1997	ZN	URANIUN	Bocquet André-Louis	4		
1997	8	ADAIYOUN	Koplík Zdeno			
1997	6	GARET 	Vinklárek Vladimír			
1997	3	GRETTY 	Baluchová Lucie			
1997	5	HŘIVNA 	Kašný Pavel			
1997	2	MARKETPLACE	Složil Pavel			
1997	9	MINI FOR	Andrés Dušan; 			
1997	7	VARIANT 	Štencl Libor; 			
1997	1	VRONSKY 	Váňa Josef			
1997	ZN	VARADERO 	Špalek Vlastimil	15		
1997	ZN	PERUÁN 	Snitkovskij Vladislav	5, 15		
1996	ZN	URANIUN	Bocquet André-Louis	-1		
1996	PN	DOUBLE ODDS	Lewis Guy	4		
1996	PN	FURTADO	Špalek Vlastimil	4		
1996	ZN	RENTO 	Nehasil Tomáš	4		
1996	PN	ČEST 	Jasinský František; 	6		
1996	PN	MATIA MOU	Szikora Pavel; 	7		
1996	6	BALÚ 	Matysík Zdeněk			
1996	1	CIPÍSEK 	Snitkovskij Vladislav			
1996	2	IRISH STAMP	Williamson Norman			
1996	3	IT´S A SNIP	Dunwoody Richard			
1996	10	JAPAN 	 Hurt Jiří			
1996	4	KURT 	Peprna Pavel; 			
1996	8	LORIENT 	Kovanda Josef			
1996	9	LYDKA 	Václavík Miroslav			
1996	5	LYRIK 	 Složil Pavel			
1996	7	VOVES 	Průdek Pavel			
1996	Z	MIRÁNO 	Brečka Jaroslav	24		
1996	PN	VELEDA II	Whelan Kenneth; 	24		
1996	Z	VINNY 	Koplík Zdeno	24		
1996	Z	VRONSKY 	Váňa Josef	29		
1996	Z	ČELKAR 	Lášek Zdeněk	4, 10a		
1995	Z	DRAK 	Štohanzl Jaromír	4		
1995	PN	URANIUN	Bocquet André-Louis	4		
1995	3	CHALCEDON 	Szikora Pavel; 			
1995	1	IT´S A SNIP	Mann Charles J.; 			
1995	6	LORIENT 	Kovanda Josef			
1995	4	MATIA MOU	Váňa Josef			
1995	D3	MIRÁNO 	Brečka Jaroslav			
1995	7	QUIRINUS 	Andrés Dušan			
1995	5	RHODÉ 	Matysík Zdeněk			
1995	8	RIGOLETTO	Snitkovskij Vladislav			
1995	D7	UNISONO 	Vinklárek Vladimír			
1995	2	VINNY 	Koplík Zdeno			
1995	ZN	HYPNOS 	Fencl Miroslav	10a		
1995	SN	KAMBALDA RAMBLER	Crosby Robert	8+9		
1995	ZN	LIMONAIRE	Kleparski Roland	8+9		
1995	Z	MIKI 	Havlíček Jan	8+9		
1994	PN	MATIA MOU	Špalek Vlastimil	4		
1994	PN	PACHA DE FERCE	 Bocquet André-Louis	4		
1994	Z	SERAPHINA 	 Fencl Miroslav	5		
1994	Z	HERERA 	Andrés Dušan	16		
1994	5	ČELKAR 	Lášek Zdeněk			
1994	7	DRAK 	Štohanzl Jaromír			
1994	1	ERUDIT	Snitkovskij Vladislav			
1994	9	CHALCEDON 	Koplík Zdeno			
1994	2	IT´S A SNIP	Mann Charles J.; 			
1994	13	LIARD 	Matysík Zdeněk			
1994	12	LORIENT 	Kovanda Josef			
1994	4	MIRÁNO 	Jančár Petr			
1994	10	RHODÉ 	Zajko Karel			
1994	8	TRENČAN 	Piruch Jozef; 			
1994	6	UNISONO 	Vinklárek Vladimír			
1994	3	VERON 	Havlíček Jan			
1994	11	VINNY 	Štencl Libor			
1994	ZN	SARTORI 	Kantek Miroslav, ml.	25		
1994	Z	VYŠEHRAD 	Váňa Josef	26		
1993	PN	BAROK 	Váňa Josef	4		
1993	ZN	DOGOVOR	Truščenko Jurij; 	4		
1993	ZN	ERUDIT	Snitkovskij Vladislav	4		
1993	SN	RHODÉ 	Kovanda Josef	4		
1993	PN	UNISONO 	 Vinklárek Vladimír	4		
1993	PN	VERAMON 	Zdobina Jiří	4		
1993	1	RIGOLETTO	Štencl Libor			
1993	ZN	MIKI 	Havlíček Jan	25		
1993	Z	FARAD 	Matysík Zdeněk	30		
1992	PN	CORTÉZ 	Armytage Marcus	4		
1992	Z	ČAKRON 	 Zolman Jan, ml.	4		
1992	PN	HARTICHE	Maynard L.; 	4		
1992	ZN	LANOLIN	Bakajev S.	4		
1992	ZN	LIARD 	Matysík Zdeněk	4		
1992	PN	PACHA DE FERCE	Bocquet André-Louis	4		
1992	ZN	ŽELEZNÍK 	Váňa Josef	4		
1992	Z	HRÁČ 	 Fencl Miroslav	6		
1992	4	BOREEN KING	Crosby Robert			
1992	5	GEMER 	 Andrés Dušan			
1992	1	QUIRINUS 	 Brečka Jaroslav			
1992	3	RHODÉ 	Kovanda Josef			
1992	2	VIANA 	Jasinský František			
1992	PN	VÁH 	Snitkovskij Vladislav	27		1
1992	Z	MONKA 	Theimer Milan	4, 5		
1991	PN	HAGEN 	Zdobina Jiří	4		
1991	10	LORIENT 	 Chmelař Rudolf	4		
1991	PN	MONKA 	 Růžičková Martina	4		
1991	PN	PAUZA 	Vinklárek Vladimír	4		1
1991	SN	PIRANA 	Bartoněk Jaroslav	4		
1991	PN	UTAH 	Andrés Dušan	4		
1991	ZN	VEDEREMO 	 Koplík Zdeno	4		
1991	PN	VERST 	 Štohanzl Jaromír	4		
1991	8	VIANA 	Jasinský František	4		
1991	PN	MY DREAM MAKER	Zajko Karel	7		
1991	PN	DISCO 	 Armytage Marcus	14	1	
1991	1	ŽELEZNÍK 	Váňa Josef	14		
1991	ZN	GARNIZON	Kasajev Chusej	18	1	
1991	PN	AZGIR	Chludějev Nikolaj	25		
1991	3	CORTÉZ 	 Havlíček Jan			
1991	PN	PEON 	Bezděk Miroslav	25		
1991	2	DRAK 	 Chaloupka Václav			
1991	4	FORMAN 	  Štencl Libor; 			
1991	9	GEMER 	Václavík Miroslav			
1991	7	LIARD 	 Matysík Zdeněk; 			
1991	5	MAKEMONO 	Kocián Tomáš, ml.			
1991	5	RHODÉ 	Kovanda Josef; 			
1990	Z	KREK	Snitkovskij Vladislav	-1		
1990	ZN	RHODÉ 	Zdobina Jiří	-1		
1990	PN	SLALOM 	Štohanzl Jaromír	-1		
1990	PN	GRAND CHEVAL	Wragg Gavin	3		
1990	PN	DISCO 	Paulina Jiří	4		
1990	ZN	DRAK 	Vozáb Petr	4		
1990	PN	FORMÁT 	Soukup Václav	4		1
1990	PN	JIČÍN 	Havlíček Jan	4		
1990	PN	LEST 	Lang Tomáš	4		
1990	PN	MAREK 	Kantek Miroslav	4		
1990	PN	MONKA 	Charvátová Romana	4		
1990	ZN	TOKIO 	Jeřábek Antonín	4		
1990	PN	TRESŤ	Kravčenko V.	4		
1990	PN	UTAH 	Kovanda Josef	4		
1990	PN	CHUTOROK	Kuman Roman	5		
1990	ZN	DYNAMIT 	Hanuš Miroslav, st.	6		
1990	11	RIGOLETTO	Ševljakov Jurij	6		
1990	ZN	ŽELEZNÍK 	Váňa Josef	6		
1990	PN	FLOVER 	Matysík Zdeněk	7		
1990	10	GREWOT 	Vinklárek Vladimír	18		
1990	7	CLONROCHE STREAM	Chandler Richard	27		
1990	9	CORTÉZ 	Bodlák Zdeněk	27		
1990	5	BADGERS MEAD	Smith-Osbourne Julian			
1990	4	FORMAN 	Štencl Libor			
1990	2	FRÁZE 	Chaloupka Václav			
1990	1	LIBENTÍNA 	Zajko Karel			
1990	3	PRECIPICE LODGE	Naylor-Layland David			
1990	6	SILUETA 	Armytage Marcus			
1990	8	LORIENT 	Chmelař Rudolf	25, 27		
1989	Z	CARIBO	Havlíček Jan	3		
1989	PN	GREWOT 	Hačko Julius	3		
1989	ZN	RAKITNIK	Chandler Richard	3		
1989	ZN	TORPHA	Petrlík Roland	3		
1989	PN	ČABRAK 	Tokov Mahmud	4		
1989	PN	GAJSAN	Umarov Roman	4		
1989	8	HARTWIK 	Kovanda Josef	4		
1989	PN	MOCA 	Hanuš Miroslav, st.	4		
1989	PN	QUIRINUS 	Nestěrov Genadij	4		
1989	PN	PARNAS 	Brečka Jaroslav	6		
1989	Z	VELEN 	Langer Antonín	7		
1989	PN	RED CHEVAL	Chmelař Rudolf	10		
1989	Z	TARQUIN	Vozáb Petr	10		
1989	PN	WAGARÍ 	Váňa Josef	12		
1989	SN	GARNIZON	Vinklárek Vladimír	17		
1989	Z	MEDAILON 	Blábolil Jaroslav	17		
1989	7	EKSPONAT	Štencl Libor	18		
1989	PN	LJUBISTOK	Kadvan Štefan	27		
1989	6	BLACKTORN	Morgan Gerald			
1989	Z	SLALOM 	Lee Jonathan	4, 5		
1989	3	FORMAN 	Chaloupka Václav			
1989	2	FRÁZE 	Šara Ludovít			
1989	4	LIBENTÍNA 	Chludějev Nikolaj			
1989	5	SILUETA 	Štohanzl Jaromír			
1989	1	ŽELEZNÍK 	Sporborg William			
1988	2	FREE FLOW	Zdobina Jiří			
1988	PN	CHVÍLE 	Štencl Libor			
1988	PN	LIBENTÍNA 	Kadvan Štefan			
1988	3	MEDAILON 	Chaloupka Václav			
1988	PN	MERCATOR 	Kantek Miroslav			
1988	ZN	ORKA 	Vinklárek Vladimír			
1988	PN	PARÁDA 	Ševljakov Jurij			
1988	PN	SLITOK	Novák Antonín			
1988	PN	TÖRÖK KARD	Nestěrov Genadij			
1988	ZN	TRESŤ	Grassl Marián			
1988	Z	VIADUKT 	Štohanzl Jaromír			
1988	SN	VIVIER 	Váňa Josef			
1988	1	ŽELEZNÍK 	Vozáb Petr			
1987	5	FESTIVAL 	Štencl Libor			
1987	2	FORMAN 	Hanuš Miroslav, st.			
1987	3	GIBRIDKA	Zušťák Zbyněk			
1987	PN	GOLGOTA 	Juránek Petr			
1987	ZN	MAJÁK 	Beránek Stanislav			
1987	Z	MALBA 	Kantek Miroslav			
1987	4	ORKA 	Jasinský František			
1987	SN	PARAMON 	Kasajev Chasan			
1987	ZN	SAFJAN	Havlíček Jan			
1987	PN	VIETOR 	Štohanzl Jaromír			
1987	ZN	VIVIER 	Váňa Josef			
1987	1	ŽELEZNÍK 	Bartusch Jiří			
1986	Z	DINGO 	Hanuš Miroslav, st.			
1986	SN	DUKÁT 	Chludějev Nikolaj			
1986	PN	EROT	Zajíček Miroslav			
1986	Z	ESKADRA 	Vozáb Petr			
1986	4	FESTIVAL 	Kasajev Chusej			
1986	2	GVARDĚJSK	Kovanda Josef			
1986	6	LÍTOST 	Štohanzl Jaromír			
1986	PN	LOZORNO 	Beránek Stanislav			
1986	3	MALBA 	Kantek Miroslav			
1986	5	ORKA 	Váňa Josef			
1986	ZN	PARAMON 	Bezděk Miroslav			
1986	SN	POLLY EXPRES	Zajko Karel			
1986	1	VALENCIO 	Novák Antonín			
1986	ZN	ŽELEZNÍK 	Hytych Pavel			
1985	6	BORG 	Kasajev Chusej			
1985	4	ELDA 	Chludějev Nikolaj			
1985	ZN	EROT 	Chaloupka Václav			
1985	Z	ESSEX 	Vozáb Petr			
1985	1	FESTIVAL 	Štohanzl Jaromír			
1985	Z	JAWAN 	Ševljakov J.			
1985	PN	PANSIONAT 	Váňa Josef			
1985	2	PARAMON 	Kuchovský Kamil			
1985	3	SANTOS 	Michal Jaroslav			
1985	5	VEMÍN 	Novák Antonín			
1985	Z	ŽELEZNÍK 	Juhász Vendelín			
1984	PN	BLISTR 	Valkony Pavel			
1984	PN	BOLID 	Zajko Karel			
1984	ZN	BORG 	Kuchovský Kamil			
1984	PN	DUKÁT 	Olejnicki J.			
1984	PN	EMANUEL 	Chludějev Nikolaj			
1984	1	EROT 	Vozáb Petr			
1984	2	FESTIVAL 	Kasajev Chusej			
1984	PN	FUTBOL 	Amelčenko Nikolaj			
1984	4	GABR 	Štohanzl Jaromír			
1984	3	JAWAN 	Zazin A.			
1984	Z	KAPELLAN 	Kantek Miroslav			
1984	ZN	LINGUA 	Havlíček Jan			
1984	PN	LYSANDER 	Bartoš Josef			
1984	PN	POLLY EXPRES	Zajíček Jaroslav			
1984	PN	URSUS 	Vašút Jiří			
1984	PN	VALENCIO 	Tokov Mahmud			
1983	10	ALGIR 	Chaloupka Václav			
1983	PN	AZAT 	Goring George			
1983	8	BEGINAGIN 	Vlček Milan			
1983	Z	BORG 	Škopek Josef			
1983	6	DUKÁT 	Chludějev Nikolaj			
1983	3	EROT 	Vozáb Petr			
1983	7	FESTIVAL 	Kantek Petr			
1983	Z	FLANG 	Saunders George			
1983	PN	FRENCH POP	Štohanzl Jaromír			
1983	2	JAWAN 	Kasajev Chusej			
1983	Z	KAPELLAN 	Püspöky Jaroslav			
1983	Z	KLOTILD 	Vinklárek Vladimír			
1983	PN	LAMPAS 	Kantek Miroslav			
1983	SN	LINGUA 	Kuchovský Kamil			
1983	5	MADIA 	Bartoš Josef			
1983	4	POLLY EXPRES	Liebich Pavel			
1983	1	SAGAR 	Hála Josef			
1983	Z	VEMJAN 	Roberts Michael			
1983	9	WELLS FARGO	Ševčenko N.			
1982	PN	AGABA 	Tokov Mahmud			
1982	PN	ALGIR 	Vozáb Petr			
1982	Z	AMBROZIJA 	Zajíček Jaroslav			
1982	Z	BOMBAY 	Havlíček Jan			
1982	ZN	CONTINENTAL 	Blábolil Jaroslav			
1982	PN	ČAHUŇA 	Verovkin V.			
1982	Z	DIAF 	Zajíček Miroslav			
1982	Z	FLANG 	Baráček Pavel			
1982	6	FLORET 	Štencl Libor			
1982	Z	GUSYRA 	Kasal Jiří			
1982	PN	HANAČKA 	Štohanzl Jaromír			
1982	5	JAMAHA 	Vít Karel			
1982	PN	KLOTILD 	Vinklárek Vladimír			
1982	SN	LAMPAS 	Valkony Pavel			
1982	Z	MANGALIA 	Hytych Pavel			
1982	PN	MONZA 	Kasajev Chusej			
1982	3	NABOR 	Břečka Josef			
1982	4	ÓDA 	Saunders George			
1982	PN	PAHANG	Bartoš Josef			
1982	PN	POLLY EXPRES	Liebich Pavel			
1982	1	SAGAR 	Vogel A.			
1982	PN	SZEPITÖ 	Chludějev Nikolaj			
1982	2	VĚK 	Hála Josef			
1982	Z	VEMJAN 	Zlatník Josef			
1982	PN	VERNE 	Tokov Mahmud			
1981	PN	AGABA 	Štohanzl Jaromír			
1981	PN	ARTEMIS 	Chaloupka Václav			
1981	PN	AZAT 	Franko Jozef			
1981	PN	BUSINKA 	Šafář Jaromír			
1981	3	CONTINENTAL 	Kasajev Chusej			
1981	2	DIAF 	Plaček Miloslav			
1981	Z	DOLAR 	Vašút Jiří			
1981	PN	DON II	Baráček Pavel			
1981	4	FLORET 	Mack Pavel			
1981	Z	FORMA 	Štencl Libor			
1981	Z	GUSYRA 	Suchovský Otto			
1981	PN	KLOTILD 	Vinklárek Vladimír			
1981	SN	LAMPAS 	Hurt Jiří			
1981	ZN	LANCASTER 	Zobal František			
1981	5	LIMIT 	Milev Nedělko			
1981	Z	MIRABEL 	Šenkyřík Milan			
1981	PN	MONZA 	Břečka Josef			
1981	6	ÓDA 	Liebich Pavel			
1981	1	SAGAR 	Knápek Vlastimil			
1981	SN	SIMON 	Chaloupka Jiří			
1981	PN	ZÁBOJ 	Jančár Jiří			
1981	PN	ŽITOMÍR 	Pekný Vladislav			
1980	ZN	ARTEMIS 	Šafář Jaromír			
1980	4	CONTINENTAL 	Bambuch Rostislav			
1980	8	DON II	Vogel A.			
1980	Z	ENARA 	Baráček Pavel			
1980	PN	FLORET 	Liebich Pavel			
1980	S	LAHIRE 	Vinklárek Vladimír			
1980	PN	LAMPAS 	Kasal Jiří			
1980	2	LANCASTER 	Grassl František			
1980	Z	LILAC 	Püspöky Jaroslav			
1980	PN	LIMINA 	Zobal František			
1980	3	LIMIT 	Hurt Jiří			
1980	7	LIPPIZA 	Palička Jan			
1980	PN	MALACHIT 	Chaloupka Václav			
1980	9	MONZA 	Milev Nedělko			
1980	5	NOMER 	Břečka Josef			
1980	D10	ÓDA 	Kapusňák Jaroslav			
1980	PN	RAŠÍD 	Knápek Vlastimil			
1980	1	SIMON 	Chaloupka Jiří			
1980	ZN	TICIÁN 	Beránek Stanislav			
1980	6	VAT 	Zlatník Josef			
1980	PN	VERNE 	Palička Jan			
1979	6	ALBION 	Cekov Dimitr			
1979	PN	ALENA 	Matejdes Michal			
1979	PN	ANILIN 	Borusík Vladimír			
1979	PN	CONTINENTAL 	Gassmann Rolf			
1979	SN	DESPOTA 	Baráček Pavel			
1979	4	FLORET 	Vinklárek Vladimír			
1979	5	LAMPAS 	Kasal Jiří			
1979	3	LANCASTER 	Chaloupka Jiří			
1979	1	LEGENDA 	Zobal František			
1979	2	LIMIT 	Milev Nedělko			
1979	7	MAVR 	Zdobina Jiří			
1979	PN	NUGET 	Liebich Pavel			
1979	PN	PUNČ 	Bartoněk Jaroslav			
1979	PN	SABENA 	Vozáb Petr			
1979	PN	SALDO 	Hurt Jiří			
1979	Z	SILIKÁT 	Chaloupka Václav			
1979	PN	TANJA 	Samšiňák Miroslav			
1979	Z	VIND 	Grassl František			
1979	SN	VIRTUOS 	Bartoněk Jaroslav			
1978	PN	ANILIN 	Borusík Vladimír			
1978	2	CONTINENTAL 	Chaloupka Jiří			
1978	3	DAFNÉ 	Baráček Pavel			
1978	SN	FLORET 	Matulík Stanislav			
1978	Z	HABR 	Kafka Jaroslav			
1978	S	HAMBURG 	Palička Jan			
1978	PN	JAPONKA 	Matysík Metoděj			
1978	PN	KANTON 	Kuchovský Kamil			
1978	5	KYB 	Kasal Jiří			
1978	1	LANCASTER 	Zobal František			
1978	PN	LIMIT 	Beránek Stanislav			
1978	PN	NOGA 	Novák Jan			
1978	SN	NUGET 	Knápek Vlastimil			
1978	Z	SALGO 	Milev Nedělko			
1978	Z	SILVESTER 	Chaloupka Václav			
1978	4	TANJA 	Michal Jaroslav			
1978	PN	VARIÁN 	Hollý Michal			
1977	PN	ANILIN 	Brew Charlotte			
1977	ZN	BARONY FORT	Munro-Wilson Broderick			
1977	Z	CAN COTTAGE	Chaloupka Jiří			
1977	5	DAFNÉ 	Vít Karel			
1977	D8	DESPOTA 	Grassl František			
1977	Z	FANTOM 	Kantek Miroslav			
1977	2	FLANG 	Baráček Pavel			
1977	4	FLORET 	Petrlík Roland			
1977	PN	GOLUB 	Matysík Metoděj			
1977	6	KANTON 	Kuchovský Kamil			
1977	7	KYB 	Zobal František			
1977	PN	LIMIT 	Novák Jan			
1977	PN	NUGET 	Vlasák Petr			
1977	PN	POSTAMENT 	Liebich Pavel			
1977	PN	PUNČ 	Milev Nedělko			
1977	3	SILVESTER 	Jančár Josef			
1977	PN	SVAHIM 	Kasal Jiří			
1977	PN	ÚSKOK 	Chaloupka Václav			
1977	1	VÁCLAV 	Kasal Jiří			
1976	Z	BLEDAX 	Chaloupka Jiří			
1976	PN	DAFNÉ 	Březovjak Jan			
1976	Z	DEKRET 	Chaloupka Václav			
1976	5	FLANG 	Baráček Pavel			
1976	ZN	FLORET 	Kuchovský Kamil			
1976	4	KYB 	Zobal František			
1976	1	LIMIT 	Benš Karel			
1976	3	MOR 	Sloan George			
1976	ZN	NEW ARCTIC	Liebich Pavel			
1976	2	PUNČ 	Fuchsík Jan			
1976	6	SOLUX 	Suchovský Otto			
1976	PN	SZFÉRA 	Zdobina Jiří			
1976	Z	SZIBARITA 	Kasal Jiří			
1975	ZN	BLEDAX 	Chaloupka Jiří			
1975	3	DAFNÉ 	Milev Nedělko			
1975	6	DANIJA 	Krasl Jiří			
1975	5	DESPOTA 	Grassl František			
1975	ZN	FLANG 	Cekov Dimitr			
1975	7	GEOLOG 	Matysík Metoděj			
1975	8	KANTON 	Kuchovský Kamil			
1975	2	KYB 	Vocásek František			
1975	Z	LISTR 	Gutvirt Pavel			
1975	Z	MARQUIS 	Petrbok Oskar			
1975	Z	MOCNÁ II	Benš Karel			
1975	1	MOR 	Gassmann Rolf			
1975	PN	NEBEL II	Beránek Stanislav			
1975	PN	NICA 	Pařízek Zdeněk			
1975	PN	PARTNER 	Liebich Pavel			
1975	4	PUNČ 	Hudec Jozef			
1975	PN	SANDRA II	Chaloupka Václav			
1975	Z	VELOX 	Tokov Mahmud			
1974	2	BARITON 	Solos V.M.			
1974	PN	BARON 	Vlasák Petr			
1974	PN	BLANÍK 	Gorelkin Valentin			
1974	5	ESTET 	Grassl František			
1974	PN	FLANG 	Matysík Metoděj			
1974	PN	KANTON 	Vocásek František			
1974	Z	LISTR 	Kafka Jaroslav			
1974	6	MARQUIS 	Kuchovský Kamil			
1974	8	METÁL 	Benš Karel			
1974	1	MOR 	Liebich Pavel			
1974	7	PUNČ 	Collins Christopher			
1974	3	STEPHEN´S SOCIETY	Chaloupka Václav			
1974	4	VELOX 	Novák Jan			
1974	PN	VILONA 	Šebesta Václav			
1973	SN	ANTRAKT 	Gorelkin Valentin			
1973	7	BAGAŠ 	Jevdokimov A.N.			
1973	Z	BARITON 	Riška Augustín			
1973	PN	BOX 	Andrejev E.M.			
1973	SN	BROM 	Smetanin N.A.			
1973	6	BUFER 	Krasl Jiří			
1973	3	DESPOTA 	Prachov Vladimir			
1973	PN	ERZERUM 	Bartoš Josef			
1973	PN	FELICIA 	Grassl František			
1973	4	FLANG 	Janák Hubert			
1973	PN	HALON 	Gassmann Rolf			
1973	PN	HRONEC 	Kasal Jiří			
1973	PN	MAMBO 	Kafka Jaroslav			
1973	8	MARQUIS 	Palyzová Eva			
1973	ZN	METÁL 	Zobal František			
1973	PN	METAS 	Benš Karel			
1973	2	MOR 	Havlíček Jan			
1973	Z	OPONENT 	Collins Christopher			
1973	1	STEPHEN´S SOCIETY	Kuchovský Kamil			
1973	5	VILONA 	Riška Augustín			
1972	PN	ALEXANDRA 	Vítek František			
1972	Z	CRAN 	Karásek Josef			
1972	PN	DEKRET 	Kasal Jiří			
1972	5	DIVIŠ 	Vávra Miloš			
1972	7	FATRA II	Grassl František			
1972	3	FLANG 	Chaloupka Jiří			
1972	PN	GAJUS 	Káva Jiří			
1972	SN	GARANT 	Vokálik Štefan			
1972	PN	HRONEC 	Chaloupka Václav			
1972	1	KOROK 	Nová Jana			
1972	8	LUKAVA 	Janatka Ivan			
1972	6	MAMBO 	Palyzová Eva			
1972	4	METÁL 	Bartoš Josef			
1972	PN	METODA 	Benš Karel			
1972	2	MOR 	Kuchovský Kamil			
1972	ZN	NINA 	Samšiňák Miroslav			
1972	PN	PUNC 	Milev Nedělko			
1972	PN	VEZNA II	Kasal Jiří			
1971	8	ALEXANDRA 	Fehér Vladimír			
1971	PN	ANINA 	Švejna Ivan			
1971	Z	BARVÁR 	Karásek Josef			
1971	PN	DEKRET 	Janák Hubert			
1971	PN	DIVIŠ 	Chaloupka Václav			
1971	1	KOROK 	Suchovský Otto			
1971	PN	KOSTRAVA 	Raisner Oldřich			
1971	SN	LIS 	Riška Augustín			
1971	7	LUKAVA 	Taraba Anton			
1971	PN	MALAGA 	Janatka Ivan			
1971	6	MAMBO 	Palyzová Eva			
1971	2	METÁL 	Benš Karel			
1971	3	MOR 	Hellinger Juraj			
1971	PN	MORÁK 	Liebich Pavel			
1971	5	NEKLAN 	Kňazík Tibor			
1971	9	NESTOR 	Kafka Jaroslav			
1971	Z	PAMPA 	Kapušev A.A.			
1971	Z	PULZACIJA 	Matysík Metoděj			
1971	10	RIA 	Milev Nedělko			
1971	4	VEZNA II	Lex Miroslav			
1970	PN	BILET 	Gorelkin Valentin			
1970	PN	DRESDEN 	Brúder Pavel			
1970	8	GAVORA 	Palyzová Eva			
1970	11	HARLEKÝN 	Varvažovský Petr			
1970	13	HRONEC 	Kuchovský Kamil			
1970	4	JALEC 	Varga Miklós			
1970	6	KARTÁRS 	Chaloupka Václav			
1970	SN	KOROK 	Suchovský Otto			
1970	3	KOSTRAVA 	Vítek František			
1970	PN	LIBAN 	Žďárek Josef			
1970	PN	LIBAROS 	Raisner Oldřich			
1970	PN	LIS 	Riška Augustin			
1970	2	LUKAVA 	Chytka Josef			
1970	PN	MADAME 	Bezstarosta Jaroslav			
1970	10	METODA 	Hellinger Juraj			
1970	5	MORÁK 	Samšiňák Miroslav			
1970	SN	NEKLAN 	Avdějev Ivan			
1970	PN	PELENGATOR 	Taraba Anton			
1970	PN	PERUÁN 	Grassl František			
1970	9	PYŠNÁ 	Matysík Metoděj			
1970	12	RIA 	Cekov Dimitr			
1970	7	RUŠ 	Milev Nedělko			
1970	1	VEZNA II	Kapušev A.A.			
1969	PN	AFRONT 	Palyzová Eva			
1969	PN	BLANKYT 	Sokolov A.N.			
1969	PN	DRESDEN 	Smetanin N.A.			
1969	PN	ETIK 	Brúder Pavel			
1969	3	GAVORA 	Kučera Václav			
1969	ZN	HARLEKÝN 	Odstrčil Jiří			
1969	PN	JAPAN 	Chaloupka Václav			
1969	1	KOROK 	Suchovský Otto			
1969	4	KOSTRAVA 	Vítek František			
1969	SN	LIBAN 	Kuchovský Kamil			
1969	9	LONDON 	Izrael Luboš			
1969	6	LUKAVA 	Peťko Anton			
1969	2	MOHYLA 	Jevdokimov A.N.			
1969	5	NEBOSKLON 	Liebich Pavel			
1969	7	NEKLAN 	Bakliškin Lev			
1969	8	PORTLAND 	Bezstarosta Zdeněk			
1969	PN	SÁDEK 	Bezstarosta Jaroslav			
1969	PN	SAHAR 	Moravec Zdeněk			
1969	PN	VAGA 	Smetanin N.A.			
1967	5	BARVINOK 	Sokolov A.N.			
1967	1	DRESDEN 	Palyzová Eva			
1967	7	HARLEKÝN 	Jevdokimov A.N.			
1967	Z	CHRONIK 	Vítek František			
1967	SN	JAPAN 	Huptys Karel			
1967	Z	KORÁB 	Riška Augustin			
1967	SN	KOREC 	Suchovský Otto			
1967	4	KOSTRAVA 	Odstrčil Jiří			
1967	PN	LIBAN 	Kuchovský Kamil			
1967	8	LONDON 	Izrael Luboš			
1967	PN	LUKAVA 	Bayer Jaroslav			
1967	SN	LUNA 	Boor Boris			
1967	SN	MAGNÁT 	Beránek Stanislav			
1967	PN	MAMBO 	Šebesta Václav			
1967	2	MOCNÁ 	Verner Vladimír			
1967	ZN	NEKLAN 	Kňazík Tibor			
1967	3	NESTOR 	Raisner Oldřich			
1967	PN	PASEKA 	Toduta Vasile			
1967	PN	POET 	Avdějev Ivan			
1967	PN	REFERAT 	Palčikovskij V.N.			
1967	6	REFLEKTOR 	Gorelkin Valentin			
1967	Z	RUBEL 	Raimond Ludvík II.			
1967	PN	SÁDEK 	Kurka Václav			
1967	9	TIRAN 	Toduta Dumitru			
1967	PN	VAMPIR 	Soroka V.A.			
1967	PN	ZAMYSEL 	Dějev Pavel			
1966	PN	AFFEKT 	Chalupa Václav			
1966	SN	BAJKAL 	Hucz Henryk			
1966	PN	BOJGARD 	Gorelkin Valentin			
1966	PN	DALMAT 	Benš Josef			
1966	SN	FÍK 	Eana Dumitru			
1966	PN	FULGER 	Makarov Rostislav			
1966	PN	CHVOŠČ 	Suchovský Otto			
1966	PN	KOREC 	Venhoda František			
1966	PN	KORÝŠ 	Varga Miklós			
1966	PN	KRÖZUS 	Odstrčil Jiří			
1966	6	LIBAN 	Kuchovský Kamil			
1966	7	LONDON 	Izrael Luboš			
1966	ZN	LUKAVA 	Brúder Pavel			
1966	PN	METAN 	Šebesta Václav			
1966	3	MOCNÁ 	Suchánek Jiří			
1966	SN	MORIAK 	Kňazík Tibor			
1966	1	NESTOR 	Raisner Oldřich			
1966	4	PASEKA 	Gudea Teodor			
1966	PN	RAZVAN 	Toduta Dumitru			
1966	2	VAMPIR 	Milev Nedělko			
1966	5	ZOLEJKA 	Várnai István			
1965	S	BÁLINT 	Beránek Stanislav			
1965	PN	BOJARKA 	Palyzová Eva			
1965	2	CAVALET 	Tětěrnikov G.P.			
1965	5	EREBUS 	Guselnikov Nikolaj			
1965	9	FAVORIT 	Dějev Pavel			
1965	3	GABOJ 	Suchovský Otto			
1965	PN	KOREC 	Varga Miklós			
1965	7	KRÖZUS 	Vítek František			
1965	1	MOCNÁ 	Toduta Dumitru			
1965	PN	PING PONG	Gorelkin Valentin			
1965	8	PRIBOJ 	Eana Dumitru			
1965	6	RAZVAN 	Gudea Teodor			
1965	4	VAMPIR 	Kedvesi József			
1964	PN	BÁLINT 	Benkö Jozef			
1964	PN	DIV 	Toduta Dumitru			
1964	PN	FULGER 	Koňkov V.			
1964	PN	GABOJ 	Avdějev Ivan			
1964	3	GRIFEL 	Kurka Václav			
1964	6	KOLONIE 	Poenaru Nicolae			
1964	PN	LETOPISET 	Šebesta Václav			
1964	4	MOCNÁ 	David Jiří,Ing.			
1964	PN	MOHAN 	Raisner Oldřich			
1964	7	OLAF 	neznámý žokej			
1964	PN	PING PONG	Gorelkin Valentin			
1964	1	PRIBOJ 	Zatřepálek Ladislav			
1964	5	PUSZTÝ 	Gudea Teodor			
1964	2	VAMPIR 	Várnai István			
1963	Z	AFIUM 	Prachov Vladimir			
1963	PN	DALMAT 	Benkö Jozef			
1963	4	DIV 	Poenaru Nicolae			
1963	6	FULGER 	Makarov Rostislav			
1963	PN	GABOJ 	Suchánek Jiří			
1963	PN	GRANÁT 	Avdějev Ivan			
1963	3	GRIFEL 	Bakliškin Lev			
1963	5	CHOCHOT 	Rapant Ivan			
1963	PN	JAVOR II	Vítek František			
1963	1	KORAN 	Raisner Oldřich			
1963	8	OLAF 	Toduta Dumitru			
1963	2	PING PONG	Gorelkin Valentin			
1963	7	PRIBOJ 	Zatřepálek Ladislav			
1963	PN	PUSZTÝ 	Tamás László			
1963	Z	SZAKERTÖ 	Eana Dumitru			
1962	6	BEC 	Makarov Rostislav			
1962	1	GABOJ 	Cekov Dimitr			
1962	3	GAUS GRIM	Avdějev Ivan			
1962	ZN	GRIFEL 	Aleutdinov A.			
1962	PN	CHEDER 	Bakliškin Lev			
1962	4	CHOCHOT 	Riška Augustín			
1962	PN	KOLAR 	Stibůrek Karel			
1962	5	KORAN 	Kocman Jiří			
1962	SN	LOTOS-1 	Raisner Oldřich			
1962	7	OLAF 	Toduta Dumitru			
1962	2	PETRICA 	Novák Jiří			
1961	5	DIV 	Rajnov Atanas			
1961	3	GAUS GRIM	Toduta Vasile			
1961	SN	GRANIT 	Avdějev Ivan			
1961	1	GRIFEL 	Bakliškin Lev			
1961	PN	GURZUF 	Makarov Rostislav			
1961	2	CHEDER 	Verner Vladimír			
1961	SN	KONSUL 	Bárta Stanislav			
1961	6	KORAN 	Raisner Oldřich			
1961	Z	KOREK II	Lengyel F.			
1961	SN	NEVÄDZA 	David Jiří, Ing.			
1961	4	OLAF 	Chalupa Václav			
1961	PN	RITA 	Cekov Dimitr			
1961	D	VOMAG 	Beránek Stanislav			
1960	6	BOJARKA 	Makarov Rostislav			
1960	5	BRUSNIKA 	Rapant Ivan			
1960	7	BYSTRÁ 	Kuželka J.			
1960	Z	CENSOR 	Prachov Vladimir			
1960	3	EPIGRAF 	Avdějev Ivan			
1960	1	GRIFEL 	Kocman Jiří			
1960	8	KONSUL 	Krotký J.			
1960	SN	LIMBORA 	Šnirc Milan			
1960	PN	LIPTOV 	David Jiří, Ing.			
1960	4	LOTOS-1 	Venhoda František			
1960	PN	NIKOLA 	Dvořák Josef			
1960	PN	PASTELA 	Guselnikov Nikolaj			
1960	2	RELJEF 	Bakliškin Lev			
1960	PN	VIZA 	Bakliškin Lev			
1959	2	BAZIS 	Petrlík Harry.st.			
1959	PN	CALMÍN 	Rapant Ivan			
1959	3	CORA 	Sucharev Ivan			
1959	SN	ENERGETIK 	Prachov Vladimir			
1959	1	EPIGRAF 	Makarov Rostislav			
1959	PN	GAZON II	Benš Josef			
1959	PN	GOLEM 	Had Stanislav			
1959	SN	HACIENDA 	Raimond Ludvík II.			
1959	5	KONSUL 	Stibůrek Karel			
1959	ZN	KORAN 	Raisner Oldřich			
1959	4	KOREK II	Rada Adolf			
1959	SN	LIPTOV 	David Jiří			
1959	8	LOTOS-1 	Šnirc Milan			
1959	7	NEMEZIA 	Fedin Vladimir			
1959	ZN	TARAN 	Svoboda Václav			
1959	6	TORNÁDA 	Palyzová Eva			
1959	PN	VANDA II	Haspra J.			
1958	SN	ACEL 	Koňkov V.			
1958	Z	BARELJEF 	Beránek Stanislav			
1958	10	ČILÝ 	Spiress Jiří			
1958	PN	DAREX II	Prachov Vladimir			
1958	1	EPIGRAF 	Bakliškin Lev			
1958	3	GAZON II	Had Stanislav			
1958	11	GNOM 	Makarov Rostislav			
1958	9	CHEDER 	Fedin Vladimi			
1958	PN	KOKS 	Raimond Ludvík II.			
1958	5	KONSUL 	Raimond Ludvík, Ing.			
1958	6	LIAN 	Stibůrek Karel			
1958	2	LIPTOV 	Zatřepálek Ladislav			
1958	8	LOTOS-2 	Kolarik Vincenc			
1958	4	NEVÄDZA 	Palyza Ferdinand			
1958	7	VANDA II	Duran Augustin			
1957	PN	ADEN 	Makarov Rostislav			
1957	3	BARBARA 	Kolarik Vincenc			
1957	PN	BELVEDER 	Bystrický Milan			
1957	Z	BLEN 	Pavlas František			
1957	14	CASSIÁN 	Dostál Oldřich			
1957	13	DUNKA 	Falewicz Alexander			
1957	7	DZAFFAR 	Fedin Vladimir			
1957	1	EPIGRAF 	Kujbyšev Valerian			
1957	PN	GAZON I	Bakliškin Lev			
1957	2	GAZON II	Bozděch Josef			
1957	9	GNOM 	Adamec Bohumil			
1957	10	HALA 	Smaženka Milan			
1957	12	KALIA 	Raisner Oldřich			
1957	5	KOMANDÍR 	Vavroušek Josef			
1957	PN	KORSIČAN 	Korytar Josef			
1957	SN	LETEC 	Raimond Ludvík,Ing.			
1957	6	LIAN 	Lipowicz Zenon			
1957	11	MANILLA 	Dvořák Jaroslav			
1957	8	NAPOLI 	Čajda Jozef			
1957	4	TORNÁDA 	Jančar Josef			
1957	SN	UNKAS 	Mašek Kamil			
1957	PN	UNKÁSEK 	Losev Koce			
1957	PN	VELIKAN 	Schejbal V.			
1956	9	ADBRITUS 	Fedin Vladimir			
1956	6	BAJGA 	Babirecki Marian			
1956	2	BARACS 	Bozděch Josef			
1956	PN	BROUK 	Adam Josef			
1956	PN	CASSIÁN 	Duran Augustin			
1956	SN	FURIOSO IV 	Porubský J.			
1956	Z	GEJŠA 	Ruda Stanislav			
1956	PN	GNOM 	Lamich František			
1956	5	GOMBA 	Svoboda Miloš			
1956	7	HUMOR 	Vladař Petr			
1956	PN	CHASA 	Petrik Jan			
1956	Z	CHODEC 	Makarov Rostislav			
1956	4	ISTREBITĚL 	Raisner Oldřich			
1956	3	KOMANDÍR 	Vavroušek Josef			
1956	1	LETEC 	Kolátor Josef			
1956	SN	ORLOV 	Werner Miroslav			
1956	PN	SALVATOR 	Jančar Josef			
1956	8	UNKAS 	Čajda Jozef			
1955	2	BROUK 	Mašek Kamil			
1955	Z	DOBRÁK 	Pithart O.-Palyza F.			
1955	7	DUNKA 	Duran A.- Ruda S.			
1955	1	FURIOSO 	David Jiří			
1955	3	FURIOSO VII 	Bozděch Josef			
1955	PN	GEJŠA 	Svoboda Miloš			
1955	PN	GERA II	Vladař Petr			
1955	4	GEROJ-DAN 	Prachov Vladimir			
1955	PN	CHINGANA 	Beránek Stanislav			
1955	Z	LÁN 	Svoboda Václav			
1955	10	LETEC 	Rabčanov Vladimir			
1955	PN	NEFRIT 	Kolátor Josef			
1955	PN	ORLOV 	Werner Miroslav			
1955	SN	SALVATOR 	Antošin Alexander			
1955	6	SATRAP 	Rapant Ivan			
1955	Z	TIP 	Suchánek Jiří			
1955	8	TOSKA 	Raimond Ludvík,Ing.			
1955	5	UNKAS 	Cibere Jan			
1955	9	VANDAL 	Stibůrek Karel			
1955	SN	VENUŠE 	Bozděch Josef			
1954	5	BROUK 	Novosad J.			
1954	PN	GERA 	Vladař Petr			
1954	3	GEROJ-DAN 	Palyza Ferdinand			
1954	SN	JUNÁK 	Svoboda Václav			
1954	4	LETEC 	Ruda Stanislav			
1954	PN	SALVATOR 	Raimond Ludvík,Ing.			
1954	1	UNKAS 	Stibůrek Karel			
1954	PN	VENUŠE 	Svoboda Miloš			
1954	2	VÍTĚZ II	Zatřepálek Ladislav			
1953	SN	AMI 	Koptík Čestmír			
1953	SN	ANDULKA 	Bozděch Josef			
1953	3	BROUK 	Raimond Ludvík			
1953	PN	DONOVAN 	Kováč I.P.			
1953	3	FURIOSO X 	Rada Adolf			
1953	PN	GAVRAN 	Palyza Ferdinand			
1953	1	JUNÁK 	Zámostný A.			
1953	SN	KALIFA 	Svoboda Václav			
1953	SN	LETEC 	Kolátor Josef			
1953	Z	PERUN 	Stibůrek Karel			
1953	PN	RUDINA 	Werner Miroslav			
1953	PN	SALVATOR 	Ruda Stanislav			
1953	2	VAR 	Svoboda Miloš			
1953	4	VÍTĚZ II	Ruda Stanislav			
1952	5	AMI 	Koptík Čestmír			
1952	6	ANDULKA 	Koska Jindřich			
1952	PN	ATOM II 	Bozděch Josef			
1952	2	BROUK 10l., ryzák,	Novosad J.			
1952	Z	CASSIÁNKA 	Raimond Ludvík			
1952	PN	GRAND 	Palyza Ferdinand			
1952	4	JUNÁK 8l., ryzák,	Svoboda Václav			
1952	3	LETEC 	Chmela Josef			
1952	SN	NĚMEN 	Werner Miroslav			
1952	PN	SALVATOR 	Svoboda Miloš			
1952	1	VÍTĚZ II	Kostka Jindřich			
1951	5	ATOM II	Bozděch Josef			
1951	3	BROUK 	Babij Pavel			
1951	6	CETYNĚ 	Kmoch O.			
1951	7	DIVOKÁ 	Holík Jiří			
1951	9	IRTUŠE 	Zábrodský Vladimír			
1951	PN	IVAN 	Palyza Ferdinand			
1951	2	JUNÁK 	Pešek Bohumil			
1951	4	KALIFA 	Raimond Ludvík			
1951	SN	RÉMUS 	Hejmovský Vladimír			
1951	1	SALVATOR 	Šusta Miroslav			
1951	ZN	TITAN 	Stibůrek Karel			
1951	PN	UNKAS 	Hák V.			
1951	ZN	ÚPAL 	Jungman Josef			
1951	SN	VAR 	Svoboda Miloš			
1951	SN	VILÍK 	Krištůfek Josef			
1951	8	ŽÁN 	Stibůrek Karel			
1950	Z	ČINGISCHÁN 	Kmoch O.			
1950	4	DIVOKÁ 	Palyza Ferdinand			
1950	5	JUNÁK 	Krištůfek Josef			
1950	2	LENKA II	Vladař Petr			
1950	PN	RIVAL 	Werner Miroslav			
1950	6	SALVATOR 	Kubičík Jaroslav			
1950	SN	TITAN 	Jungman Josef			
1950	1	VAR 	Svoboda Miloš			
1950	PN	VÍTĚZ II	Král J.			
1950	3	VÍTĚZ III	Rusek Arnošt			
1950	PN	ŽÁN 	Kouba O.			
1949	SN	CORRIDA 	Louda Jaroslav			
1949	SN	ČINGISCHÁN 	Kmoch O.			
1949	4	DIVOKÁ 	Blažek Jiří			
1949	PN	GIDRAN IV 	Krištůfek Josef			
1949	PN	IVAN 	Pouska Milan			
1949	SN	JISKRA 	Čechura Václav			
1949	PN	LENKA II	Malý Josef			
1949	SN	LOCHOVKA 	Holík Jiří			
1949	PN	NORA 	Kolátor Josef			
1949	SN	PETRUS 	Křenek Oldřich			
1949	SN	SAHAČ 	Rusek Arnošt			
1949	SN	SALVATOR 	Stibůrek Karel			
1949	SN	SHERRY 	Kubičík Jaroslav			
1949	5	TITAN 	Michálek F.			
1949	PN	ÚČAST 	Dostál Oldřich			
1949	1	UČEŇ 	Tydír M.			
1949	3	VAR 	Svoboda Miloš			
1949	2	VÍTĚZ II	Kovač I.P.			
1948	2	BACCARAT 	Vágner J.			
1948	ZN	CORRIDA 	Pouska Milan			
1948	5	JISKRA 	Myslík Ladislav			
1948	PN	LYCAON 	Aubrecht František			
1948	3	PETRUS 	Dostál Oldřich			
1948	SN	REZEK 	Svoboda Miloš			
1948	4	SHAGYA VII 	Čechura Václav			
1948	SN	TITAN 	Klement Josef			
1948	PN	UČEŇ 	Kotek Miroslav			
1948	1	VAR 	Michálek F.			
1948	PN	VÍTĚZ IV	Kovač I.P.			
1947	10	ARPÁD 	Vágner J.			
1947	7	CORRIDA 	Lefrant G.			
1947	3	HORTENSE II	Jordanov K.D.			
1947	2	LYCAON 	d´Auriac Galtier E.			
1947	PN	NINA II	Chevalier B.			
1947	8	OISEAU BLEU II	Brandisová Lata			
1947	SN	OTELLO 	Hrůzik František			
1947	PN	RAMSES 	Buret M.			
1947	1	RAYON DE LUNE	Gregor Pavol			
1947	9	SHAGYA VII 	Kuncl Leopold			
1947	Z	STAR OF HANNOVER	Aubrecht František			
1947	SN	SVATOPLUK 	Svoboda Miloš			
1947	5	TITÁN 	Knápek Rudolf			
1947	6	VATELOR 	Widner Zdeněk			
1947	S	VÍTĚZ III	Kotek Miroslav			
1947	4	ZÁHOR 	Růžička Ladislav			
1946	PN	ČIMBORASSO 	Brandisová Lata			
1946	PN	NURMI 	Gampe Kamil			
1946	4	ONA 	Aubrecht František			
1946	2	SVATOPLUK 	Svoboda Miloš			
1946	1	TITAN 	Bureš Otomar			
1946	3	VÍTĚZ I	Klement Josef			
1946	5	ZÁHON 	Dobeš Josef			
1946	PN	ZÁHOR 	Kohoutek Josef			
1937	ZN	ČIPERA 	Aubrecht František			
1937	4	DAGGER 	Schmidt H.			
1937	PN	EDENHALL 	Lemke H.			
1937	10	ELFE 	Lengnik O.			
1937	3	HEROLD 	Massiet H.			
1937	PN	IARBAS 	Klement Josef			
1937	6	LETHÉ 	Dobeš Josef			
1937	8	MILONGA 	Brandisová Lata			
1937	1	NORMA 	Schlagbaum Willibald			
1937	2	QUIXIE 	Růžička Ladislav			
1937	7	RADOMIL 	Zadsora J.			
1937	9	ROMULUS 	Scharfetter C.			
1937	PN	UPMAN 	Wiese H.			
1937	5	WAHNE 	Backenhaus O.			
1937	PN	WIELAND 	Ferjenčík Mikuláš			
1936	PN	DODOSA 	Scharfetter C.			
1936	PN	EDENHALL 	Lemke H.			
1936	3	ELFE 	Böttcher H.			
1936	7	GLÜCKAUF 	Procházka Václav			
1936	PN	HARLEKÝN 	Lengnik O.			
1936	1	HEROLD 	Aubrecht František			
1936	2	HETRE 	Backenhaus O.			
1936	PN	ILLO 	Dobeš Josef			
1936	6	MILONGA 	Kocourek O.			
1936	8	NEKLAN 	Pogliaga D.			
1936	4	NORMA 	Schlagbaum Willibald			
1936	5	QUIXIE 	Schmidt H.			
1936	PN	SURYA 	Visconti di Modr L.			
1936	PN	VENIERO 	Wiese H.			
1936	PN	WAHNE 	de Cavaillé P.			
1935	4	ČIGÝR 	Lengnik O.			
1935	1	HEROLD 	Peters A.			
1935	PN	LANDGRAF 	Aubrecht František			
1935	PN	MONARCH 	Brandisová Lata			
1935	5	NORMA 	Pogliaga D.			
1935	3	QUIXIE 	Munzenheimer M.			
1935	PN	TIP 	Wiese H.			
1935	2	WAHNE 	Blaszek Jan			
1934	7	CLEMATIS 	Býček Hynek			
1934	8	ČIGÝR 	Gröben J.			
1934	PN	ELFE 	Hoffmann B.			
1934	3	HARZBURGERIN 	Dobeš Josef			
1934	PN	MADEIRA 	De Granel J.			
1934	6	NEKLAN 	De Cavaillé P.			
1934	5	NEVA 	Brandisová Lata			
1934	2	NORMA 	Fugger L.			
1934	PN	PADOVA 	Alba Alexander			
1934	PN	RAG 	Aubrecht František			
1934	4	UPMAN 	Wiese H.			
1934	1	WAHNE 	Pastor J.			
1933	PN	ATARAXIA 	Mikeš Ferdinand			
1933	PN	CLEMATIS 	Böttcher H.			
1933	4	DEPUTATION 	Mathet F.			
1933	2	ECKMÜHL 	Solms B.			
1933	SN	FERBER 	Seyfried Josef			
1933	SN	GYI LOVAM!	de la Forest A.			
1933	PN	JEUNE CHEF	Brandisová Lata			
1933	3	NORMA 	Alba Alexander			
1933	SN	PELIDE 	du Corail H.			
1933	5	POHANKA 	Howes H.			
1933	PN	REGALON 	Spano Rugiero			
1933	1	REMUS 	Dobeš Josef			
1933	SN	WEHRWOLF 	Zazalowski J.			
1932	4	ATARAXIA 	Schwandt Gustav			
1932	PN	BEN HUR	Býček Hynek			
1932	3	CLEMATIS 	Dobeš Josef			
1932	9	DARLING 	Statečný František			
1932	PN	GABARIT 	Seyfried Josef			
1932	10	GIBRALTAR II	Noiret J.			
1932	6	GOLUBČÍK 	Popler Rudolf			
1932	2	GYI LOVAM!	Charous Josef			
1932	ZN	LAŇKA 	Barton J.			
1932	5	MARCO POLO	Schlitzkuss A.			
1932	PN	NORTENDA 	Spano Rugiero			
1932	1	REMUS 	Aubrecht František			
1932	8	RENOMMÉ 	Schlagbaum Willibald			
1932	Z	TALÁN 	Staudinger L.			
1932	SN	TURRIDU 	Weissengruber H.			
1932	7	VÉRCSE 	Popler Rudolf			
1931	PN	CAMPANA 	Rómmel K.			
1931	PN	CARAIBE 	Rojík Jiří			
1931	2	GABARIT 	Linhart J.			
1931	PN	HOLLANDWEIBCHEN 	Eperjessy Josef			
1931	PN	LIBERIUS 	Brandisová Lata			
1931	4	NEZNÁMÝ, 	Csató Antonín			
1931	3	NORBERT 	Durand F.			
1931	1	POHANKA 	Schmidt H.			
1931	ZN	RENONCE 	Aubrecht František			
1931	5	SZÉLES II	Guttmann Emil			
1931	SN	TALÁN 	Albrecht Antonín			
1931	PN	TUSS 	Kohoutek Josef			
1930	PN	GABARIT 	Býček Hynek			
1930	2	GESTOR 	Popler Rudolf			
1930	1	GYI LOVAM!	Alba Alexander			
1930	PN	HOLLANDWEIBCHEN 	Kubový Jan			
1930	PN	CHÁN 	Bartels Heřman			
1930	PN	ISSA 	Brandisová Lata			
1930	4	NORBERT 	Seyfried Josef			
1930	3	TALÁN 	Havlena B.			
1929	PN	ALTMEISTER 	Guttmann Emil			
1929	PN	ANNI 	Danneberg V.			
1929	4	BEATE 	Schwandt Gustav			
1929	1	BEN HUR	Holoubek Karel			
1929	PN	BRUTUS 	Bittner E.			
1929	PN	CONTRA 	Čoček Julius			
1929	PN	DONALD 	Charous Josef			
1929	2	DOVER 	Staudinger Lukáš			
1929	PN	FREISCHÜTZ 	Popler Rudolf			
1929	3	GYI LOVAM!	Schmidt H.			
1929	PN	JOHANNITERIN 	Aubrecht František			
1929	PN	SZÉLES 	Seyfried Josef			
1928	5	ALTMEISTER 	Kummer U.			
1928	2	BEATE 	Holoubek Karel			
1928	3	BRUTUS 	Nepokupnoj K.			
1928	PN	CIMBAL AOR	Aubrecht František			
1928	10	DATLE 	Novák Josef			
1928	9	DĚDOUŠEK 	Pimpl R.			
1928	7	DIETR 	Charous Josef			
1928	6	FORUM 	Čermák Erik			
1928	PN	GINI 	Paulat H.			
1928	4	JOHANNITERIN 	Popler Rudolf			
1928	PN	MASTER BILLY	Szabó V.			
1928	8	NORBERT 	Býček Hynek			
1928	PN	USURIER II	Schmidt H.			
1928	1	VOGLER 	Popler Rudolf			
1927	PN	ALL RIGHT II	Drahoš Jiří			
1927	2	BRUTUS 	Bezuglij S.			
1927	PN	DOYEN 	Eisner A.			
1927	3	DUNKA 	Býček Hynek			
1927	PN	EBA 	Mikeš Ferdinand			
1927	PN	EDITORE 	Pimpl R.			
1927	4	ESÁŽ 	Charous Josef			
1927	1	FORUM 	Častora J.			
1927	PN	GOLUBČÍK 	Gimpl F.			
1927	PN	LANDGRAF II	de la Forest A.			
1927	SN	MARKOMANN 	Brandisová Lata			
1927	5	NEVĚSTA 	Holoubek Karel			
1927	PN	PINGUIN 	Popler Rudolf			
1926	1	ALL RIGHT II	Novák Josef			
1926	5	DĚDOUŠEK 	Pimpl R.			
1926	PN	DIETR 	Syrový J.			
1926	PN	DUDÁK 	Eisner A.			
1926	PN	DUNKA 	Býček Hynek			
1926	3	EBA 	Charous Josef			
1926	4	EDYPOLO 	Košťálek V.			
1926	6	FILEK 	Holoubek Karel			
1926	2	LANDGRAF II	Statečný František			
1926	PN	MIESEPETER 	Mauve Eberhard			
1926	PN	NEBICH 	Hintschich A.			
1926	PN	PINGUIN 	Guttmann Emil			
1926	PN	VONZALOM 	John B.			
1925	SN	ARAB 	Charous Josef			
1925	2	DEN 	Popler Rudolf			
1925	PN	EDYPOLO 	Čermák Erik			
1925	PN	FIDELIO 	Holoubek Karel			
1925	1	LANDGRAF II	Vaněk V.			
1925	3	LUDOFF 	Novák F.			
1925	PN	MORAVIA 	Silva-Tarouca F.E.			
1925	PN	NESTROY 	Stärz Eduard			
1924	1	HERERO 	Mikeš F.			
1924	PN	HOROWITZ 	Básler B.			
1924	3	IKARUS 	Pintér J.			
1924	SN	LANDGRAF II	Holoubek Karel			
1924	2	LEFFERS II	Gimpl František			
1923	PN	DALILA II	Fíbr Josef			
1923	PN	EIRBECHER 	Syrový Josef			
1923	PN	EMANUEL 	Buchar Oldřich			
1923	4	EVIVA 	Pintér Jan			
1923	1	LANDGRAF II	Holoubek Karel			
1923	PN	LEFFERS II	Statečný František			
1923	3	MIESEPETER 	Popler Rudolf			
1923	SN	PERIWIG 	Hauser Vilém			
1923	PN	R.F. 	Kovács Josef			
1923	2	SZIGLIGET 	Gimpl František			
1922	1	BALDUR 	Guttmann Emil			
1922	SN	DON KOZÁK	Baluska M.			
1922	PN	HROM 	Pelzer J.			
1922	Z	LEÁNYASSZONY 	Holoubek Karel			
1922	2	LEFFERS 	Syrový Josef			
1922	PN	PERIWIG 	Nagy Alexander			
1922	PN	R.F. 	Machian T.			
1921	PN	ARVALÁNY 	Pulay L.			
1921	Z	BAMBUS 	Nagy Alexander			
1921	3	GÖPEL 	Klein A.			
1921	PN	IRMA 	Kozlík Karel			
1921	PN	MAGYAR LEÁNY	Procházka L.			
1921	PN	MOSTAR 	Baluska M.			
1921	2	PANNY 	Syrový J.			
1921	1	PERIWIG 	Baluska M.			
1920	PN	BAMBUS 	Horáček Antonín			
1920	PN	HALICS 	Machian H.			
1920	SN	HEKTOR 	Kozlík Karel			
1920	D1	JONATHAN 	Mossner P.			
1920	SN	LANGOUSTE 	Syrový J.			
1920	PN	MARANGONA 	Scholz Rainer			
1913	PN	BRAMPTON LASS	Fries J.			
1913	SN	CAROLLING 	Janek F.			
1913	1	DICK TURPIN	Newey A.			
1913	PN	OBERBAYER 	Landler Franz			
1913	PN	STAMFORD 	Dachowski Tadeusz			
1913	2	ZEPPELIN 	Landler Franz			
1912	PN	GRADO 	Blixen-Finecke H.			
1912	3	HILARION II	Winkler W.			
1912	6	HOGYNE 	Bartosch František			
1912	1	JAMAGATA 	Earl Walter H.			
1912	PN	KULIK 	Kisziwath K.			
1912	PN	NEVERMORE 	Stehno Franz			
1912	5	PIRÓK II	Johnson R.			
1912	4	SCOTCH MOOR	Scholz Rainer			
1912	PN	SIEGLINDE 	Sparkes P.J.			
1912	PN	XYATAGAN 	Dachowski T.R.			
1912	2	ZEPPELIN 	Winkler G.			
1911	PN	ALIKE 	Landler Franz			
1911	PN	BLITZMÄDEL 	Krieger Egan Jenö			
1911	1	GLENMORGAN 	Winkler W.			
1911	2	HOGYNE 	Brown J.			
1911	PN	CHANOINE 	Stehno Franz			
1911	3	PIRÓK II	Scholz Rainer			
1911	4	SÓDAR 	Seiffert Max			
1911	PN	SUNHURST II	Jahrmarkt A.			
1911	PN	SVEN HEDIN	Bastian T.			
1911	PN	TURANDOT II	Scholz Rainer			
1910	2	AMBRA 	Huxtable Harry H.			
1910	PN	CÄCILIUS 	Hujber J.			
1910	SN	FABRICIUS 	Hochstein J.			
1910	PN	CHATEAUWERT 	Fejes J.			
1910	PN	MAGON 	Healy F.			
1910	SN	MUSCADET 	Seiffert Max			
1910	1	PAUL HESTON	Kollar L.			
1910	PN	TILLY 	Landler Franz/Bartosch František			
1909	D	CORDON 	Landler Franz/Bartosch František			
1909	PN	HATTON´S LOWE	Healy F.			
1909	D	KOURGAN 	Birghan J.			
1907	Z	ALIKE 	Kocholatý E.			
1907	PN	ANNETTE 	Charvát J.			
1907	PN	CORDON 	Landler Franz			
1907	2	EAHLSWITH 	Printen L.			
1907	1	KOURGAN 	Birghan J.			
1907	3	NUGOMMORV 	Seidemann A.			
1907	PN	READY 	Rosak V.			
1907	4	ROYAL BOW II	Seiffert Max			
1907	5	SARATOGA 	Lawton F.			
1907	PN	SCOTCH MOOR	Bastian T.			
1906	PN	BÁTOR 	Rosak Ulrich			
1906	PN	CORDON 	Slavík F.			
1906	3	FREILICH 	Lücke M.			
1906	5	GRÁL 	Bartosch František			
1906	SN	JOVIAL MONK	Horáček František			
1906	Z	MARCH NIGHT	Seidemann A.			
1906	4	SARATOGA 	Buckenham Thomas H.			
1906	2	SCOTCH MOOR	Bastian T.			
1906	1	TIGRA 	Huxtable Harry H.			
1904	1	DENNIS 	Buckenham Thomas H.			
1904	5	GRÁL 	Bartosch František			
1904	2	GRETNA GREY	Rosak Ulrich			
1904	3	MYSTERY 	Printen L.			
1904	PN	NÁSZNAGY 	Healy F.			
1904	6	TROMPF 	Csompora M.			
1904	4	VENDEL 	Lawton F.			
1903	2	DOSSIER 	Horáček Antonín			
1903	PN	CHORAZY 	Slinn Frederick E.			
1903	1	JOUR FIX	Rosák Ulrich			
1903	D3	MYSTERY 	Csompora M.			
1903	3	NÁSZNAGY 	Horáček František			
1903	PN	NETTI 	Fürst A.			
1903	SN	ROLL 	Scholz Rainer			
1902	Z	BALRATH 	Höpker E.			
1902	2	DOSSIER 	Horáček Antonín			
1902	Z	DUCHESS 	Hesp Frank			
1902	PN	FLAGGENSCHIFF 	Morton F.			
1902	3	CHORAZY 	Slinn Frederick E.			
1902	1	JOUR FIX	Rosak Ulrich			
1902	SN	ROLL 	Printen L.			
1902	PN	TERETVÁR 	Fejes J.			
1902	PN	TUDOR 	Healy F.			
1902	4	VÁNDOR 	Lawton F.			
1901	SN	FRICZI 	Rosak Ulrich			
1901	1	CHORAZY 	Slinn Frederick E.			
1901	4	MAGYARÁD 	Kinský Zdenko			
1901	SN	MAY BE	Machian F.			
1901	PN	PLUNGER 	Bartosch František			
1901	2	ROTE TANTE	Jekyll R.			
1901	PN	SENATOR II	Martin J.			
1901	3	SLÁVA 	Bastian T.			
1900	PN	ALEXANDER 	Phillips W.			
1900	2	DARK BEAUTY	Fletcher Richard Harry			
1900	SN	EINS INS ANERE	Williamson George			
1900	1	MAGYARÁD 	Buckenham Thomas H.			
1900	D1	SLÁVA 	Bastian T.			
1900	PN	THEKLA 	Hesp Frank			
1900	SN	VALAKI 	Park F			
1899	PN	CONJUROR 	Kordacs A.			
1899	SN	EGLAMOUR 	Rosak Ulrich			
1899	PN	SAROLTA 	Williamson George			
1899	1	SLÁVA 	Buckenham Thomas H.			
1899	PN	VICTOR 	Hesp Frank			
1898	3	ARMER PETER	Hesp Frank			
1898	SN	CSÉKO 	Csompara M.			
1898	PN	GALAMB II	Barker H.			
1898	1	HANDY ANDY	Jekyll R.			
1898	2	LADY ANNE	Geoghegan Edward			
1898	SN	NEVERMIND 	Salter G.			
1897	3	CRACKSHOT 	Lehndorff S.			
1897	2	GALAMB II	Printen L.			
1897	PN	IRISH FENCER	Rosak Ulrich			
1897	1	MAGYARÁD 	Geoghegan Edward			
1897	SN	PYLADES 	Waclawiczek R.			
1897	PN	WUNDERDOCTOR 	Taxis E.			
1896	4	ANGOSTURA 	Brooke Butler			
1896	Z	COROMANDEL II	May J.			
1896	3	HANDY ANDY	Hampton E.			
1896	1	LADY ANNE	Geoghegan Edward			
1896	Z	LE HALO	Rosen Clarence			
1896	2	LE LUDE	Jones W.H.			
1896	Z	NÉPDAL 	Boorer J.			
1896	PN	PAMPERO 	Bell J.M.			
1896	Z	SILK SPIDER	Barker H.			
1896	Z	VENETIA 	Morton F.			
1896	PN	WALTER 	Williamson George			
1896	Z	WATERFORD 	Fletcher Richard Harry			
1895	PN	COEUR D´OR	Miles A.			
1895	2	COROMANDEL II	Jekyll R.			
1895	SN	CRACKSHOT 	May J.			
1895	PN	ESTRELLA 	Boorer J.			
1895	1	GALAMB II	Hall A.			
1895	4	LADY ANNE	Geoghegan Edward			
1895	3	MERRY GIRL	Printen L.			
1895	7	TOURIST 	Westlake John			
1895	5	VENETIA 	Wheeler H.			
1895	6	WOLF 	Salter G.			
1894	4	CSUFONDÁR 	Williamson George			
1894	Z	ESCLANDRE 	Hall A.			
1894	1	LADY ANNE	Geoghegan Edward			
1894	2	TOURIST 	Boorer J.			
1894	PN	TROUVILLE 	Appleton Peter			
1894	3	VENETIA 	Wheeler H.			
1893	PN	ALPHABET 	Westlake John			
1893	Z	COURAGE 	Wheeler H.			
1893	2	FUNNY FACE	Plüschke W.			
1893	1	HADNAGY 	Williamson George			
1893	PN	IGEN 	May J.			
1893	3	LADY ANNE	Hall A.			
1893	Z	VIOLETTA 	Geoghegan Edward			
1893	4	WOLF 	Fletcher Richard Harry			
1892	4	ALCES 	Tinsley E.			
1892	1	ALPHABET 	Westlake John			
1892	5	DON 	Planner C.			
1892	3	HADNAGY 	Williamson George			
1892	D2	LADY ANNE	Geoghegan Edward			
1892	2	THE SCREW	Hall A.			
1892	SN	VIGUIER 	Hostack J.			
1892	D1	WOLF 	Fletcher Richard Harry			
1891	Z	CLEMENTINE 	Westlake John			
1891	2	COUTE QUE COUTE	Planner C.			
1891	SN	HADNAGY 	Rossiter E.			
1891	1	LADY ANNE	Fletcher Richard Harry			
1891	3	WOLF 	Geoghegan Edward			
1890	1	ALPHABET 	Williamson George			
1890	PN	COUTE QUE COUTE	Planner C.			
1890	PN	GRANAT 	Geoghegan Edward			
1890	2	MONTBAR 	Fletcher Richard Harry			
1889	2	AMETHYST 	Geoghegan Edward			
1889	3	GOBANG 	Appleton Peter			
1889	PN	MANFRED 	Smith W.			
1889	1	PARISIS 	Fletcher Richard Harry			
1889	PN	PROPAGANDA 	Barker H.			
1889	SN	WICKLOW 	Smith W.			
1888	PN	ABRACADABRA 	Mitchell R			
1888	2	ARGONAUT 	Smith W.			
1888	1	ET CAETERA	Phillips M.			
1888	3	MANFRED 	Fletcher Richard Harry			
1888	Z	OLIVE BRANCH	Geoghegan Edward			
1887	Z	ABRACADABRA 	Phillips M.			
1887	SN	CAMPSFIELD 	Westlake John			
1887	2	LADY TEMPEST	Moore William H.			
1887	PN	SAIL 	Appleton Peter			
1887	3	WICKLOW 	Fletcher Richard Harry			
1887	1	WOODMAN 	Baltazzi Hector			
1886	PN	ATHEIST 	Baltazzi Hector			
1886	SN	COLUMBUS 	Ellis H.			
1886	2	FULL CRY	Smith W.			
1886	3	GOBANG 	Appleton Peter			
1886	1	HANNO 	Fletcher Richard Harry			
1886	SN	VALENTIN 	Ellis J.			
1885	1	ABRACADABRA 	Fries Hansi			
1885	4	AUTUMN 	Fletcher Richard Harry			
1885	5	JESSICA 	Moore William H.			
1885	PN	KAISER 	Ruse E.R.			
1885	2	NEWBROOK 	Phillips M.			
1885	3	OLIVE BRANCH	Baltazzi Hector			
1885	SN	THE RANGER	Planner C.			
1884	SN	GROCCOLO 	Fletcher Richard Harry			
1884	1	JESSICA 	Moore William H.			
1884	SN	NEEDLE 	Ellis J.			
1884	2	VICTORIA 	Baltazzi Hector			
1883	PN	BROADWAY SWELL	Twickel A.			
1883	PN	CURRAGH RANGER	Murray J.			
1883	3	KITTIWAKE 	Ellis J.			
1883	2	LAURENZIA 	Phillips M.			
1883	4	MISFIT OF DEVON	Fletcher Richard Harry			
1883	SN	NEEDLE 	Woodhouse A.			
1883	ZN	STATESMAN 	Johnstone			
1883	1	VICTORIA 	Baltazzi Hector			
1882	PN	BAKONY II	Fletcher Richard Harry			
1882	2	CITIZEN 	Moore William H.			
1882	SN	LAURENZIA 	Ellis J.			
1882	1	PER DAMPF	Harraway T.			
1882	4	TROMPETER 	Phillips M.			
1882	3	VESTA 	Thornton H.			
1881	PN	BROADWAY SWELL	Woodhouse A.			
1881	3	FLEURETTE 	Kinský Zdenko			
1881	2	TROMPETER 	Fletcher Richard Harry			
1881	1	VICTORIA 	Baltazzi Hector			
1880	PN	CREVE COEUR	Almássy C			
1880	1	GOOD MORNING	Phillips M.			
1880	SN	HERODES 	Woodhouse A			
1880	2	JUNO 	Kinský Zdenko			
1880	3	KLISNA 	Hanreich I.			
1880	4	STARLIGHT 	Fletcher Richard Harry			
1880	PN	VICTORIA 	Baltazzi Hector			
1879	2	CANTINE 	Szalay E.			
1879	3	PHRYGIA 	Phillips M			
1879	ZN	QUEEN BESS	Baltazzi Hector			
1879	1	RUDI 	Hanreich I.			
1878	1	BRIGAND 	Metternich Fritz			
1878	ZN	COUNTRY GIRL	Reynolds Jack			
1878	2	QUEEN BESS	Baltazzi Hector			
1878	3	TÁBORIT 	Phillips M.			
1878	PN	TROUVILLE 	Martin			
1877	1	BRIGAND 	Metternich Fritz			
1877	PN	COUNTRY GIRL	Herbert George			
1877	3	DIEPPE 	Sayers George			
1877	SN	HERODES 	Prior M.O.			
1877	4	HOPEFUL 	Söllinger R.			
1877	Z	HUBERTUS 	Reynolds Jack			
1877	PN	LIVERPOOL 	Fries Hansi			
1877	2	NACHTSCHWALBE 	Falkenhausen E.			
1877	SN	PEELER 	Phillips M.			
1877	Z	VIRÁGO 	Kinský E.			
1875	1	BRIGAND 	Herbert George			
1875	PN	COUNTRY GIRL	Deasy			
1875	2	GOLD STAR	Auersperg W.			
1875	3	IGNATZ 	Hanreich I.			
1875	PN	LADY BESS	Sayers George			
1875	PN	NACHTSCHWALBE 	Falkenhausen E.			
1875	5	NEVERMIND 	Milne H.			
1875	4	WINDSBRAUT 	Metternich Fritz			
1874	5	CAPRICE DE LISSA	Jombok M.			
1874	PN	CLEMENTINE 	Earl Walter			
1874	4	COSSACK 	Taylor			
1874	PN	DUCKWING 	 Kelly E.			
1874	2	FANTASCA 	Twiddy			
1874	1	FANTÔME 	Sayers George			
1874	PN	GARSOON 	Trayhorn			
1874	6	ISIS 	Herbert George			
1874	PN	LA VERZÉE	 Gough			
1874	PN	MILLE SCHNEIDER	 Fries Hansi			
1874	PN	SERGEANT BOUNCER	Appleton Peter			
1874	PN	STRIZZEL 	 Hanreich I.			
1874	Z	THE VET	" Prior M.O. _x000D_
"			
1874	3	YERMACK 	Sherrington A.			
